model,fold,MAE_all,RMSE_all,MAPE_all,MdAPE_all,MAE_clean,RMSE_clean,MAPE_clean,MdAPE_clean
Lane median $/mile,1,141.6625200684606,634.285813455337,6.032303436560726,3.29908176618315,90.24374715956094,130.43060732306947,3.8054075346138383,3.2398964666478616
Lane median $/mile,2,133.86368218349597,623.3460199997858,5.78861416892196,3.0594851069063442,83.71345324659042,122.45474740072848,3.5500462559918033,3.008312845065238
Lane median $/mile,3,137.67643720860696,640.2048696658015,5.962348351229458,3.029771344482245,82.05760970992283,119.75430012907529,3.45386358883494,2.9723529828255733
Huber log-linear,1,158.59948556134876,628.5873587931411,7.088078141325014,4.396110916378361,107.36700492941284,143.5752495518358,4.749311406304799,4.336702891513002
Huber log-linear,2,111.15488778518085,616.2380167015475,5.066708645027574,2.3764514342404333,60.676197041172884,84.49363506208235,2.8222432867245812,2.3349305977723858
Huber log-linear,3,118.71449370894581,635.6608587132176,5.3990796532834295,2.4808285507292247,62.90836857939179,87.49424656075352,2.899427211256363,2.438903465219051
LightGBM,1,134.15084508773256,637.0103031688134,5.883855162191061,2.697312981552157,82.60583988610458,142.56991021948141,3.695183444656257,2.6359534288580977
LightGBM,2,146.2533714546841,635.0646880999473,6.298415522828833,3.3787626217931215,96.27424529230909,155.9879356566378,4.152854835107946,3.330292222267671
LightGBM,3,134.05786789532624,640.7705102745945,5.759402668618782,3.1634005694481577,78.54714197975694,106.27624246743818,3.3219845857079386,3.1227744348752995
LightGBM + time feature,1,112.75166493064035,621.7756187609422,5.181429166347147,2.169356919822898,60.9589112408927,90.76787078623441,2.894238266084769,2.141352307484343
LightGBM + time feature,2,102.32796994397953,617.1918609114282,4.705645706032376,1.792897760673455,51.73042376877786,84.14130157526908,2.4657004861607583,1.7635219937342412
LightGBM + time feature,3,108.6413830614639,633.5694867715541,4.915132318000312,2.000994941398506,52.767207791059846,74.87128814546132,2.4153944322914453,1.9622353437745554
Hybrid: Huber trend + LightGBM,1,147.12118430562455,625.5164523451822,6.234901039905868,3.6317278322413813,95.81183147380321,134.95554771941997,3.9021899745747555,3.5756606721387905
Hybrid: Huber trend + LightGBM,2,91.40599406447457,611.6788374699823,3.954985299015927,1.44178104496461,40.70407373311529,61.276343641314256,1.6856027934353293,1.4225543566501448
Hybrid: Huber trend + LightGBM,3,90.13549628485734,629.9647101042475,3.9803929779476963,1.2656133134288041,33.99792451988194,49.03035200309231,1.4602484082088327,1.2407458707278967
Hybrid + lane correction (final),1,146.8227741814999,625.4498561545165,6.214149616463397,3.6045306686372167,95.50135493314332,134.19060115619197,3.880437844345757,3.5617856887985075
Hybrid + lane correction (final),2,89.67985075554368,611.3435394142406,3.873448443423673,1.3607463971634726,38.954883798093455,59.13328452718006,1.6003818569954462,1.3453082844632207
Hybrid + lane correction (final),3,87.56727443196112,629.1464347966464,3.866551023773954,1.1695405287638332,31.42880118816047,45.224770250905536,1.3470361547598668,1.1499556452638366
